objection,answer,boundary
Your definition of LLM is just your opinion.,"False. The theorem domain is fixed by convergent official usage across OpenAI, Anthropic, xAI, DeepMind, Meta, Mistral, DeepSeek, GLM, and Qwen sources. Calling this an opinion is not a mathematical objection.","A critic may propose a different taxonomy, but must then show that the candidate is still called an LLM by contemporary technical usage while lacking a Layer-0 equivalent."
This is true only because you defined it that way.,"No. The six elements decompose the ordinary content of Large + Language + Model: scale, learned modeling, linguistic sequences, contextual conditioning, fitted output behavior, and observable emission/scoring.","Mathematical proof routinely proceeds from definitions and axioms. To refute this theorem, a critic must reject the stated LLM boundary or provide a valid LLM counterexample lacking every Layer-0 equivalent."
"A large n-gram system is a language model, so it refutes the learned-transform requirement.","It may be a historical statistical language model, but it is not a contemporary Large Language Model unless it has a large learned contextual model core or functional equivalent.",The repository explicitly separates historical LM from contemporary LLM.
Masked or infilling models are not next-token predictors.,"The specification no longer uses next-token distribution as the root. It uses CONDITIONAL_LINGUISTIC_OUTPUT_SURFACE, covering scoring, selection, infilling, denoising, and emission surfaces.",The implementation objective may vary; the Layer-0 role must remain.
A diffusion language model breaks autoregressive assumptions.,"No. Diffusion changes the generation mechanism, not the need for linguistic representation, context conditioning, learned transform, conditional output surface, fitting criterion, and emission interface.","Non-autoregressive implementation is an implementation branch, not a Layer-0 escape hatch."
RAG or retrieval systems can answer text without being LLMs.,"Correct, and therefore they are not counterexamples unless the generative LLM component itself lacks a Layer-0 equivalent while still qualifying as an LLM.",Composite systems must be decomposed into retriever/tool layers and LLM layers.
Encoder-only or embedding models process language.,"They are language-related models, but not Large Language Models as operational generative/scoring systems unless they expose the conditional linguistic output role or equivalent.",Language processing is broader than LLM status.
Closed-weight GPT/Claude/Gemini internals are not inspectable.,"Closed weights limit public architecture witness inspection, not the Layer-0 specification. If they function as LLMs, they must instantiate the functional roles or equivalents.",Layer 0 is functional; Layer B public witness coverage is evidence-limited.
Future architectures may lack one of these elements.,"If they lack all functional equivalents of a Layer-0 role, they are a different AI class. If they are still LLMs, the role reappears under another implementation name.",Renaming an implementation does not remove the functional requirement.
Large has no fixed parameter threshold.,"The specification does not require a universal parameter threshold. Large is used as a class boundary excluding hand-written, lookup, and small historical statistical systems.","Frontier thresholds are branch-witness audit thresholds, not the Layer-0 definition."
"The decoding/emission interface is a system property, not a model-object property.","Correct boundary distinction; not a refutation. The theorem targets operational LLM systems. Isolated latent tensors are model objects, not the full LLM system boundary.",Model-core and system-interface boundaries must not be conflated.
Multimodal LLMs break the language-only definition.,"No. MLLMs add modalities, but the LLM component still needs the language Layer-0 functions for linguistic output, scoring, or completion.",Additional modalities extend the system; they do not erase the language-model core.
