provider,source,url,short_official_excerpt,layer0_implication
OpenAI,How to work with large language models,https://developers.openai.com/cookbook/articles/how_to_work_with_large_language_models,Large language models are functions that map text to text.,"text input/output, context-conditioned continuation, learned sequence modeling"
Anthropic,Tracing the thoughts of a large language model,https://www.anthropic.com/research/tracing-thoughts-language-model,Language models like Claude ... trained on large amounts of data.,learned parameterized transform and linguistic output under context
xAI,xAI developer documentation / Grok introduction,https://docs.x.ai/developers/introduction,Grok is a family of Large Language Models (LLMs).,xAI classifies Grok as an LLM; Grok-1 separately documents large MoE parameters
Google DeepMind,Gemini Diffusion model page,https://deepmind.google/models/gemini-diffusion/,Large-language models are the foundation of generative AI today.,language generation remains the functional target even with non-standard generation mechanisms
Meta,Llama 3.1 405B Instruct model card,https://huggingface.co/meta-llama/Llama-3.1-405B-Instruct,auto-regressive language model using an optimized transformer architecture,"token/word sequence, context conditioning, conditional output surface, recursive text generation"
Mistral AI,What's a Large Language Model (LLM)?,https://help.mistral.ai/en/articles/424368-what-s-a-large-language-model-llm,trained to understand and generate human language,"learned language modeling, generation, and conditional linguistic output"
DeepSeek-AI,DeepSeek-LLM README,https://github.com/deepseek-ai/DeepSeek-LLM,an advanced language model comprising 67 billion parameters,large learned parameterized model trained over token-scale language data
GLM / THUDM,THUDM/GLM README,https://github.com/THUDM/GLM,pretrained with an autoregressive blank-filling objective,"language sequence fitting criterion can be autoregressive, blank-filling, or equivalent"
Qwen / Alibaba Cloud,Qwen3 GitHub / Alibaba Cloud Qwen page,https://github.com/QwenLM/Qwen3,Qwen3 is the large language model series developed by Qwen team,"officially positioned as an LLM family; architecture details are implementation branch, not root definition"
